"","Sample.ID","Port","Protocol","Hits","Average.Request.Size.Bytes","Attack.Window.Seconds","Average.Attacker.Payload.Entropy.Bits","Target.Honeypot.Server.OS","Attack.Source.IP.Address.Count","Average.ping.to.attacking.IP.milliseconds","Average.ping.variability","Individual.URLs.requested","Source.OS.Detected","Source.IP.Type.Detected","APT"
"1",185453,25,"TCP",9703408,2497,12588,11.40551592,"MacOS (All)",91,182.2,5.21012881702554,0,"Windows 10","Standard ISP","No"
"2",71663,443,"TCP",16361768,2219,13907,8.531839926,"Windows (Desktops)",67,204.6,5.7411872718106,1.4142135623731,"Windows 10","Suspected Proxy/VPN","Yes"
"3",137103,993,"TCP",20172026,2604,12707,8.935565237,"Windows (Desktops)",-1,NA,6.63052236931601,0,"Linux (>4.0)","Standard ISP","No"
"4",33861,443,"TCP",4782933,2889,12633,9.281023621,"Windows (Desktops)",48,154.4,1.84660312438813,4.24264068711928,"Windows 10","Standard ISP","Yes"
"5",185004,80,"TCP",28048725,2768,12208,10.25670596,"MacOS (All)",5,242.6,4.73517810963854,5.91607978309962,"MacOS (Unknown)","Standard ISP","Yes"
"6",150401,25,"TCP",15048210,3075,17673,9.166557239,"MacOS (All)",8,240.4,6.78220623764863,0,"Windows 10","Standard ISP","No"
"7",9337,443,"TCP",3766657,2516,4490,7.862108497,"MacOS (All)",-1,NA,5.60762643727273,6.78232998312527,"Linux (>4.0)","Standard ISP","No"
"8",77339,25,"TCP",1799081,2686,13672,10.87812554,"MacOS (All)",26,3.4,1.19695561530075,0,"Linux (2.6.3)","Standard ISP","No"
"9",28739,993,"TCP",11902661,3055,12119,9.564165674,"MacOS (All)",4,386.8,3.77876089214441,0,"Linux (>4.0)","Standard ISP","No"
"10",54402,443,"UDP",12805718,4567,20045,14.50523275,"Windows (Desktops)",85,120,5.65537613337964,5,"Linux (2.6.3)","Standard ISP","Yes"
"11",54401,80,"TCP",13445684,3636,22489,10.05456979,"Windows (Desktops)",34,240.8,10.8795116710264,1,"Linux (2.6.3)","Suspected Proxy/VPN","No"
"12",173299,443,"TCP",5294077,4287,16852,8.766255293,"MacOS (All)",86,278.2,2.59742459775063,7.21110255092798,"MacOS (Unknown)","Standard ISP","Yes"
"13",57338,25,"TCP",29637264,2279,4612,6.016637682,"MacOS (All)",90,144,4.10158383188738,0,"Windows 10","Standard ISP","No"
"14",141490,25,"TCP",8457748,3385,16436,9.861357065,"MacOS (All)",72,275.6,4.64140710884103,0,"Windows 10","Standard ISP","No"
"15",89603,443,"TCP",11292163,3225,10787,11.81913461,"Windows (Desktops)",54,152.8,2.48901080572182,3,"Windows 10","Standard ISP","No"
"16",74363,443,"TCP",37584490,2336,11153,5.418842785,"Windows (Desktops)",63,6.4,1.53683586338945,5.09901951359278,"Windows 10","Suspected Proxy/VPN","No"
"17",160417,993,"UDP",11465482,2518,8743,12.69453956,"Windows (Desktops)",3,143,7.52431320786157,0,"Linux (>4.0)","Standard ISP","Yes"
"18",82965,443,"TCP",2232226,3394,10195,10.34056796,"Windows (Desktops)",25,73.4,2.04151668717157,7.07106781186548,"Windows 10","Standard ISP","No"
"19",118402,443,"TCP",20539761,2144,10964,6.97477608,"Windows (Desktops)",109,182.2,3.64958693827123,1.73205080756888,"MacOS (Unknown)","Suspected Proxy/VPN","Yes"
"20",154145,443,"TCP",6475152,3339,13980,11.38072772,"Windows (Desktops)",138,259.2,5.95489052208351,6.78232998312527,"Windows 10","Standard ISP","No"
"21",133901,443,"TCP",12302739,4099,9649,12.23266124,"Windows (Desktops)",79,161,4.95095092886205,6.48074069840786,"Linux (>4.0)","Standard ISP","Yes"
"22",83799,993,"TCP",13650963,3237,11324,9.063628819,"MacOS (All)",66,49,1.83931044606396,0,"Windows 10","IPv6 (Unknown)","No"
"23",55312,80,"TCP",29752064,2326,8182,11.32304748,"MacOS (All)",19,127.6,1.20936600043163,4.12310562561766,"Windows 10","Standard ISP","Yes"
"24",122479,443,"TCP",11816585,3331,11555,9.930052682,"Windows (Desktops)",79,55.6,4.22409724319884,3.60555127546399,"Linux (2.6.3)","Standard ISP","No"
"25",99096,443,"TCP",2684945,3659,13242,10.78824073,"Windows (Desktops)",116,41,2.28336402354071,8.48528137423857,"Windows 10","Standard ISP","No"
"26",84454,25,"TCP",13370952,3146,13899,10.33848212,"Windows (Desktops)",30,37.6,3.78897594872282,0,"Windows 10","Standard ISP","No"
"27",61592,443,"TCP",2142598,1959,2787,9.898634628,"MacOS (All)",23,421.8,8.55279483911546,6.08276253029822,"MacOS (Unknown)","Suspected Proxy/VPN","No"
"28",20299,993,"TCP",587833,2648,13379,10.20406774,"MacOS (All)",7,10.8,1.52890937926353,0,"Linux (>4.0)","Standard ISP","No"
"29",104338,80,"TCP",823271,3001,7236,9.18038645,"Windows (Desktops)",3,308.8,7.50040761159019,1.4142135623731,"Linux (>4.0)","Standard ISP","Yes"
"30",125538,443,"TCP",7968178,3823,9149,9.972900719,"Windows (Desktops)",58,61.2,2.91198642922662,10.3923048454133,"Windows 10","Standard ISP","Yes"
"31",137509,80,"TCP",17754553,3247,8400,6.397592018,"MacOS (All)",71,331.2,6.90168097132865,6.78232998312527,"MacOS (Unknown)","Suspected Proxy/VPN","Yes"
"32",183635,993,"TCP",6908975,2609,10995,9.958539504,"MacOS (All)",15,157.4,2.55417470212983,0,"Linux (2.6.3)","Standard ISP","No"
"33",71879,993,"TCP",10228588,1758,5765,9.915746947,"MacOS (All)",19,9.4,1.48715086558157,0,"Windows 10","Standard ISP","No"
"34",52693,25,"TCP",42941,3112,4920,10.69250506,"MacOS (All)",45,213,5.19177014995849,0,"Linux (>4.0)","Standard ISP","No"
"35",75118,25,"TCP",8087594,3298,11839,10.28987751,"Windows (Desktops)",103,50.8,2.82644874869508,0,"Linux (>4.0)","Standard ISP","Yes"
"36",155619,443,"TCP",1601761,3379,18729,9.663438248,"MacOS (All)",58,136,2.455176929266,9.21954445729289,"MacOS (Unknown)","Standard ISP","No"
"37",51587,443,"TCP",15464516,2974,7392,7.465890501,"MacOS (All)",-1,NA,2.16474945778952,2,"MacOS (Unknown)","Standard ISP","Yes"
"38",163512,443,"TCP",4881416,3392,13489,10.20128223,"Windows (Desktops)",194,254.4,5.26871397116981,7.21110255092798,"Windows 10","Standard ISP","No"
"39",152780,993,"TCP",28221553,3739,14106,8.355500336,"MacOS (All)",81,73.6,2.16279968397445,0,"MacOS (Unknown)","IPv6 (Unknown)","No"
"40",77075,443,"TCP",9070322,1558,7013,6.920405726,"Windows (Desktops)",15,178.6,2.51727340708156,9.64365076099295,"Windows 10","Suspected Proxy/VPN","Yes"
"41",143448,25,"TCP",15218458,3189,18547,9.392426454,"MacOS (All)",176,200.8,6.68734115848743,0,"Windows 10","Standard ISP","Yes"
"42",29248,25,"TCP",6867780,3411,9217,11.38121738,"Windows (Desktops)",169,36.6,3.29349833611617,0,"Windows 10","Standard ISP","Yes"
"43",160267,80,"TCP",10486299,2022,8350,6.082958424,"Windows (Desktops)",75,76.8,1.93081293578638,4.35889894354067,"Linux (>4.0)","Suspected Proxy/VPN","Yes"
"44",10119,25,"TCP",9867084,2896,13394,9.354430677,"MacOS (All)",25,274,1.4004334043431,0,"Linux (>4.0)","Standard ISP","No"
"45",104480,80,"TCP",4437346,2880,11989,7.923164955,"Windows (Desktops)",17,146.6,4.8368282293255,4.69041575982343,"MacOS (Unknown)","Suspected Proxy/VPN","Yes"
"46",18015,25,"TCP",18049496,2431,6348,9.281057619,"Windows (Desktops)",54,155.4,3.62314695396143,0,"Windows 10","Standard ISP","Yes"
"47",45381,443,"TCP",8920889,4321,15230,12.32191634,"Windows (Desktops)",22,581,10.7695397394689,5.47722557505166,"Windows 10","Standard ISP","Yes"
"48",27096,443,"TCP",28581935,3118,14547,13.47748447,"Windows (Desktops)",-1,NA,3.0880550757718,6.48074069840786,"Linux (2.6.3)","Standard ISP","Yes"
"49",96840,443,"TCP",4889310,3581,11008,10.48287115,"MacOS (All)",107,271.6,2.50780465925877,8.06225774829855,"Windows 10","Standard ISP","No"
"50",186590,443,"TCP",26885632,2570,11133,12.35555632,"Windows (Desktops)",86,130.4,1.42189259369335,3.74165738677394,"Windows 10","Standard ISP","Yes"
"51",68602,443,"TCP",7677465,2879,12576,9.651540458,"MacOS (All)",74,17,1.58503002337495,6.70820393249937,"MacOS (Unknown)","Standard ISP","No"
"52",13326,25,"TCP",2195718,3455,18185,10.52720366,"MacOS (All)",10,55.8,2.41771518504558,0,"Linux (>4.0)","Standard ISP","No"
"53",196478,80,"TCP",5309584,3079,8233,8.064850157,"MacOS (All)",154,8,1.30099096768579,3,"Windows 10","Standard ISP","Yes"
"54",27893,25,"TCP",20220499,2232,8177,8.877507143,"Windows (Desktops)",97,136.6,2.03527142415944,0,"Windows Server 2008","Suspected Proxy/VPN","Yes"
"55",113483,80,"TCP",11037880,2130,9581,7.934287983,"Windows (Desktops)",43,108.2,2.86905159381981,0,"MacOS (Unknown)","Suspected Proxy/VPN","Yes"
"56",6162,443,"TCP",16874627,2983,16261,12.89082101,"Windows (Desktops)",21,96,2.57152079497717,5.09901951359278,"MacOS (Unknown)","Standard ISP","No"
"57",91484,25,"TCP",21728677,2258,13196,6.626566619,"Windows (Desktops)",11,85.2,4.58580700531542,0,"Windows 10","Standard ISP","No"
"58",7996,443,"TCP",16728220,3100,9835,12.17459188,"Windows (Desktops)",196,349,7.85249963833173,7.28010988928052,"Windows 10","Standard ISP","No"
"59",28624,80,"TCP",21496858,3992,15512,4.797643945,"MacOS (All)",38,91.8,4.38162672303335,10.5830052442584,"Windows 10","Standard ISP","Yes"
"60",18693,443,"TCP",14506639,2722,12311,9.213569353,"MacOS (All)",46,197.6,2.43267983425686,4.47213595499958,"MacOS (Unknown)","Standard ISP","Yes"
"61",128025,80,"TCP",14711907,1973,8300,8.693687892,"Windows (Desktops)",97,65.2,2.60567688729819,3.74165738677394,"Windows 10","Suspected Proxy/VPN","Yes"
"62",197767,25,"UDP",38208345,2715,12349,5.198687242,"Windows (Desktops)",75,246.2,10.1324669207454,0,"MacOS (Unknown)","Standard ISP","No"
"63",181217,25,"TCP",15501180,3679,16394,9.250083005,"MacOS (All)",21,300.2,5.29497247396056,0,"Windows 10","Standard ISP","No"
"64",26242,443,"TCP",20360037,1915,5719,7.847043388,"Windows (Desktops)",96,130,4.71952752720015,6.557438524302,"Windows 10","Suspected Proxy/VPN","Yes"
"65",127337,993,"TCP",17308564,3623,9183,8.40070697,"Linux",86,18,2.09282782043817,0,"Linux (2.6.3)","IPv6 (Unknown)","No"
"66",66718,25,"TCP",13139423,3221,19292,9.679005616,"Windows (Desktops)",66,14,1.71873363090387,0,"MacOS (Unknown)","Standard ISP","No"
"67",34836,80,"TCP",13954412,2735,8138,8.689848907,"Windows (Desktops)",1,78,2.62240552489503,3.46410161513775,"Linux (2.6.3)","Suspected Proxy/VPN","Yes"
"68",184575,25,"UDP",23843124,2489,8093,7.422185319,"Windows (Desktops)",12,9.6,2.34545697189268,0,"Linux (>4.0)","Standard ISP","No"
"69",15315,80,"TCP",13563878,3154,13093,7.449244582,"Windows (Desktops)",62,291.4,7.16185542090875,4.12310562561766,"MacOS (Unknown)","Suspected Proxy/VPN","Yes"
"70",95142,443,"TCP",5928331,3182,16226,11.28089315,"Windows (Desktops)",62,8,1.60345730407766,3,"MacOS (Unknown)","Standard ISP","No"
"71",67477,443,"TCP",14335738,2595,9598,12.37411274,"Windows (Desktops)",22,436.8,3.68390110887901,5.09901951359278,"Linux (2.6.3)","Standard ISP","No"
"72",85669,80,"TCP",11936250,2607,7952,6.539490264,"Windows (Desktops)",137,108,2.90702453842413,5.91607978309962,"Linux (>4.0)","Suspected Proxy/VPN","Yes"
"73",145602,993,"TCP",10920198,2249,10444,9.864215168,"Windows (Desktops)",140,68.6,2.24336052519429,0,"MacOS (Unknown)","Standard ISP","No"
"74",140429,25,"TCP",1240178,3360,14097,10.90899351,"MacOS (All)",45,95.4,2.07175285157279,0,"Windows 10","Standard ISP","No"
"75",65514,993,"TCP",19227700,2133,11118,9.207551185,"Windows (Desktops)",70,270.4,4.68000413568193,0,"Windows 10","Standard ISP","No"
"76",135778,993,"TCP",23505740,2195,8343,7.97375659,"Windows (Desktops)",63,296.4,7.25939837796494,0,NA,"Standard ISP","No"
"77",156584,993,"TCP",12595366,2232,11663,14.12687875,"Windows (Desktops)",67,427.8,7.00985231228162,0,"MacOS (Unknown)","Standard ISP","No"
"78",68358,443,"TCP",8570838,3849,14683,10.43851742,"Windows (Desktops)",40,230.8,7.18748546989836,6.85565460040104,"Windows 10","Standard ISP","No"
"79",14657,993,"UDP",15103884,1452,5067,9.824809324,"MacOS (All)",100,156.2,7.7388971378356,0,"Linux (2.6.3)","Suspected Proxy/VPN","No"
"80",80333,25,"TCP",4031540,2694,13352,10.06515118,"MacOS (All)",51,6,1.33189751445072,0,"Linux (>4.0)","IPv6 (Unknown)","No"
"81",89168,443,"TCP",12754587,4289,13830,8.164041603,"MacOS (All)",-1,NA,1.78660153839629,7.34846922834953,"MacOS (Unknown)","Standard ISP","Yes"
"82",147815,25,"UDP",1530636,3526,20039,10.03686724,"MacOS (All)",-1,NA,7.92233200011209,0,"Linux (2.6.3)","Standard ISP","No"
"83",161201,25,"TCP",8505473,3330,10766,9.542367578,"MacOS (All)",30,111.6,2.47673886007387,0,"MacOS (Unknown)","Standard ISP","No"
"84",166271,25,"TCP",30984,2088,5638,10.52753367,"MacOS (All)",107,177.2,6.40465779335633,0,"Windows 10","Suspected Proxy/VPN","No"
"85",88873,993,"TCP",5519850,3228,13360,10.01300084,"MacOS (All)",212,351.4,6.82437794674357,0,"Windows 10","Standard ISP","No"
"86",141972,443,"TCP",13029528,3476,11507,12.2257417,"Windows (Desktops)",57,13.8,1.89607558868311,5,"MacOS (Unknown)","Standard ISP","No"
"87",79516,443,"TCP",12049340,2777,16228,8.818558948,"Windows (Desktops)",96,72.2,1.77096857594933,6.85565460040104,"MacOS (Unknown)","Standard ISP","No"
"88",71955,25,"TCP",9662826,2996,12490,10.75480391,"Windows (Desktops)",120,346.4,4.70149392533905,0,"MacOS (Unknown)","Suspected Proxy/VPN","No"
"89",180134,993,"TCP",16230047,3032,10152,9.313289787,"MacOS (All)",96,58.4,2.41073557467425,0,"Windows 10","Standard ISP","No"
"90",79757,443,"TCP",12070442,3070,18543,7.915543314,"MacOS (All)",59,311.6,6.35781975051196,5.91607978309962,"Windows 10","Standard ISP","No"
"91",182669,993,"TCP",19394811,1544,6646,9.369996087,"Windows (Desktops)",44,79.6,3.5373656864961,0,"MacOS (Unknown)","Suspected Proxy/VPN","No"
"92",132676,25,"TCP",10863068,3702,19846,9.790944807,"MacOS (All)",75,188.6,2.65884352642272,0,"Linux (2.6.3)","Standard ISP","No"
"93",7783,80,"TCP",23878403,1866,8216,6.393223003,"Linux",10,209.8,5.05121619018628,7.68114574786861,"MacOS (Unknown)","Standard ISP","Yes"
"94",155788,443,"TCP",23221519,2428,12620,7.763639515,"Windows (Desktops)",18,32.8,1.43985251987834,3,"Windows 10","Suspected Proxy/VPN","No"
"95",49881,443,"TCP",2768780,3784,10649,11.18058267,"Windows (Desktops)",30,180.6,6.87887097422244,7.14142842854285,"Windows 10","Standard ISP","Yes"
"96",114180,80,"TCP",7293978,3801,16401,7.998645021,"MacOS (All)",54,26.4,1.85038238561655,4.79583152331272,"Linux (>4.0)","Standard ISP","Yes"
"97",24995,80,"TCP",5885905,3536,13067,10.0814025,"MacOS (All)",171,493.6,2.5265295737434,5.8309518948453,"MacOS (Unknown)","Standard ISP","Yes"
"98",184999,993,"UDP",4857498,2307,10260,9.623083935,"MacOS (All)",118,98.2,6.17538806796787,0,"MacOS (Unknown)","Standard ISP","Yes"
"99",197841,25,"UDP",34069186,1828,7799,7.595918761,"Windows (Desktops)",181,413.4,12.1059081072012,0,"MacOS (Unknown)","Suspected Proxy/VPN","No"
"100",102532,80,"TCP",499667,2976,11045,6.288187836,"Linux",149,32.2,2.40785974653841,10.9087121146357,"Windows 10","Standard ISP","Yes"
"101",32939,80,"TCP",14950612,2504,10939,7.681860646,"Windows (Desktops)",85,169.6,3.4759599062705,4.24264068711928,"Windows 10","Suspected Proxy/VPN","Yes"
"102",95935,443,"TCP",7558434,2926,11874,10.17960117,"Windows (Desktops)",187,209,7.15255451709388,11.2694276695846,"MacOS (Unknown)","Suspected Proxy/VPN","Yes"
"103",118615,993,"TCP",17760429,3235,14176,8.966112368,"MacOS (All)",31,225.2,4.14174900736392,0,"MacOS (Unknown)","Standard ISP","No"
"104",96820,443,"TCP",4561435,3900,17105,9.278244013,"MacOS (All)",67,12.2,1.97506658621931,4.69041575982343,"Linux (>4.0)","Standard ISP","Yes"
"105",190397,80,"TCP",21701668,4875,19620,7.305200761,"MacOS (All)",100,95.8,2.33876185983097,6.78232998312527,"Windows 10","Standard ISP","Yes"
"106",176778,25,"TCP",11968492,2913,13644,10.22606423,"Windows (Desktops)",108,94,5.84212380731528,0,"Windows 10","Standard ISP","No"
"107",20352,443,"TCP",29961320,3289,13531,12.79031387,"Windows (Desktops)",186,44.4,3.11096086571336,3.60555127546399,"Windows 10","Standard ISP","Yes"
"108",180162,443,"TCP",1838592,3230,13813,10.89697268,"Windows (Desktops)",77,146.2,3.19715009657038,4.24264068711928,"MacOS (Unknown)","Standard ISP","No"
"109",20181,993,"TCP",4697657,2712,12743,10.81901441,"MacOS (All)",1,109.4,4.97375938501251,0,"MacOS (Unknown)","IPv6 (Unknown)","No"
"110",31281,25,"UDP",12237930,2835,12252,11.61556667,"MacOS (All)",91,340.4,9.52545463901855,0,"Windows 10","Standard ISP","No"
"111",4344,443,"TCP",11598396,3940,12853,9.555030007,"MacOS (All)",133,192.8,3.93013035025557,6.08276253029822,"MacOS (Unknown)","Standard ISP","No"
"112",4292,80,"TCP",18570300,2822,14519,7.522031215,"Windows (Desktops)",15,106,4.02398986703496,8.30662386291807,"MacOS (Unknown)","Suspected Proxy/VPN","Yes"
"113",126530,80,"TCP",8920375,3508,18037,5.65208244,"MacOS (All)",87,79.2,3.81604661397106,4.89897948556636,"Windows 10","Standard ISP","Yes"
"114",61143,993,"UDP",29358668,1903,7378,10.08550507,"Windows (Desktops)",45,300.4,10.2360799381404,0,"Windows 10","Suspected Proxy/VPN","No"
"115",154491,443,"TCP",12523146,2453,8739,7.083208881,"MacOS (All)",64,10.2,1.28432924322387,9.2736184954957,"Windows 10","Suspected Proxy/VPN","Yes"
"116",24406,443,"TCP",2485879,2816,8655,9.284776993,"Windows (Desktops)",23,26.8,2.74444575752555,5.19615242270663,"MacOS (Unknown)","Standard ISP","Yes"
"117",45501,80,"TCP",13467073,2413,13504,8.032595001,"Windows (Desktops)",14,158,6.43929142918691,7,"MacOS (Unknown)","Suspected Proxy/VPN","Yes"
"118",181490,443,"TCP",751112,3052,8915,8.526871175,"MacOS (All)",98,136.4,3.83584335055539,2,"Linux (>4.0)","Standard ISP","Yes"
"119",145800,993,"TCP",1976093,1593,2192,9.656195587,"MacOS (All)",147,159,3.00629023898226,0,"Windows 10","Standard ISP","No"
"120",74433,80,"TCP",974695,3465,11414,8.565518583,"MacOS (All)",15,446.2,7.05125295461736,5.56776436283002,"Windows 10","Standard ISP","Yes"
"121",26474,25,"TCP",3758183,2776,13630,11.77610009,"Windows (Desktops)",78,143.6,5.07388077904872,0,"MacOS (Unknown)","Standard ISP","No"
"122",61950,NA,"TCP",9124250,2724,9610,5.802606923,"MacOS (All)",95,164.2,1.51170151551158,0,"Windows 10","Suspected Proxy/VPN","Yes"
"123",196384,993,"TCP",17666012,2965,16971,8.772466843,"MacOS (All)",88,106.6,2.72568797755723,0,"Windows 10","IPv6 (Unknown)","No"
"124",192093,25,"UDP",15911545,4690,17605,14.77543438,"Windows (Desktops)",18,205.6,8.43534539719625,0,"MacOS (Unknown)","Standard ISP","Yes"
"125",99235,443,"TCP",3079724,3417,17081,10.15049272,"Windows (Desktops)",106,88,4.23305428739108,3.74165738677394,"Windows 10","Standard ISP","Yes"
"126",149637,443,"TCP",1486790,3299,17926,11.18621069,"Windows (Desktops)",119,405.4,3.45786182343945,8.24621125123532,"Linux (>4.0)","Standard ISP","No"
"127",4076,25,"TCP",17975690,2672,12533,9.043111227,"Windows (Desktops)",76,454,8.61703269171007,0,"Linux (>4.0)","Standard ISP","Yes"
"128",198071,25,"TCP",1338925,2930,14028,10.70415718,"Windows (Desktops)",54,204,4.15806664929748,0,"Linux (>4.0)","Standard ISP","No"
"129",146784,25,"UDP",21800226,2840,13151,8.622451329,"Windows (Desktops)",42,76.2,5.22153724778441,0,"Linux (>4.0)","Standard ISP","No"
"130",78219,25,"TCP",32180384,2448,13842,6.683082793,"Windows (Desktops)",66,18.8,1.63796444955316,0,"Windows 10","Standard ISP","No"
"131",95686,443,"TCP",5324077,2759,18252,11.99486276,"Windows (Desktops)",34,149.8,4.6349574151226,5,"Linux (>4.0)","Standard ISP","No"
"132",23469,80,"TCP",7395517,3983,14053,8.108011375,"MacOS (All)",96,103.6,3.12604289685858,5.29150262212918,"Windows 10","Standard ISP","Yes"
"133",165324,25,"TCP",238883,2638,14512,11.034304,"MacOS (All)",185,122.2,4.80930154492313,0,"Windows 10","Standard ISP","No"
"134",18433,25,"TCP",3732119,2870,15944,10.37916463,"MacOS (All)",96,13.4,1.30121632367566,0,"Linux (>4.0)","Standard ISP","No"
"135",74824,80,"TCP",5211849,2525,4110,7.149859041,"Windows (Desktops)",26,141,1.81961738698002,10.4880884817015,"Linux (>4.0)","Suspected Proxy/VPN","Yes"
"136",187484,80,"TCP",21135705,4484,20937,6.708566855,"MacOS (All)",157,84.6,3.3717057048325,4.24264068711928,"Windows 10","Standard ISP","Yes"
"137",22247,25,"TCP",8484416,3237,19230,10.47899246,"Windows (Desktops)",86,76,2.98823652745227,0,"MacOS (Unknown)","Standard ISP","No"
"138",36172,80,"TCP",22947116,1937,8789,5.457351211,"Windows (Desktops)",163,71.8,2.55800336278121,3.60555127546399,"Linux (2.6.3)","Suspected Proxy/VPN","Yes"
"139",5619,25,"TCP",3388881,2448,13757,10.48758748,"MacOS (All)",35,87.8,3.7955949691715,0,"Linux (2.6.3)","Standard ISP","No"
"140",113972,80,"TCP",13420014,3642,13385,11.13215864,"Windows (Desktops)",33,240,4.54151803475446,5.29150262212918,"Linux (>4.0)","Standard ISP","Yes"
"141",102949,25,"UDP",1757689,3147,13557,8.586998009,"MacOS (All)",91,261.8,10.568205576161,0,"MacOS (Unknown)","Standard ISP","No"
"142",73309,80,"TCP",10509880,3712,10580,6.624538387,"MacOS (All)",153,292.6,6.46426003112499,5,"MacOS (Unknown)","Standard ISP","Yes"
"143",73740,25,"TCP",3735422,2945,13118,10.96057487,"MacOS (All)",89,162.2,2.69152844402581,0,"MacOS (Unknown)","Standard ISP","No"
"144",55473,80,"TCP",7835179,3685,14555,7.395287338,"MacOS (All)",23,118.6,3.95576175849861,0,"MacOS (Unknown)","Standard ISP","Yes"
"145",140802,25,"TCP",9498662,3092,13648,12.03799757,"MacOS (All)",61,326.2,5.55885542355618,0,"Windows 10","Standard ISP","No"
"146",40482,25,"TCP",11859097,3276,11859,9.641192703,"MacOS (All)",17,321.6,3.94707061375902,0,"MacOS (Unknown)","Standard ISP","No"
"147",30853,993,"TCP",10865128,1946,9564,10.98727416,"Windows (Desktops)",131,47.8,2.40246752985342,0,"MacOS (Unknown)","Suspected Proxy/VPN","No"
"148",65519,25,"UDP",7372499,2640,14553,9.801042935,"MacOS (All)",47,174.8,7.24067744413463,0,"Linux (>4.0)","Standard ISP","No"
"149",45786,993,"TCP",9649199,1944,6746,11.44496753,"Windows (Desktops)",213,150.4,2.44284589505765,0,"Windows 10","Suspected Proxy/VPN","No"
"150",101283,443,"TCP",276518,3328,10703,11.21672897,"Windows (Desktops)",11,213.8,4.73309422576817,8.66025403784439,"MacOS (Unknown)","Standard ISP","No"
"151",183394,443,"UDP",36166253,3119,10888,13.76444615,"Windows (Desktops)",161,132.8,6.09139684144778,6.78232998312527,"Linux (2.6.3)","Standard ISP","Yes"
"152",90170,993,"TCP",33784145,1445,5467,5.965992485,"MacOS (All)",9,33.4,1.88627158065852,0,"Linux (>4.0)","Suspected Proxy/VPN","Yes"
"153",119797,443,"TCP",20817710,3810,14289,12.46284096,"Windows (Desktops)",49,60.8,3.88259413150538,4.35889894354067,"MacOS (Unknown)","Standard ISP","Yes"
"154",48772,443,"TCP",927287,3967,18944,11.126885,"Windows (Desktops)",104,187.6,2.52564271681487,7.93725393319377,"MacOS (Unknown)","Standard ISP","Yes"
"155",62700,25,"TCP",22206573,3580,18694,9.023433361,"MacOS (All)",55,149.2,6.3592764022332,0,"Windows 10","Standard ISP","No"
"156",12195,443,"TCP",14775679,3540,21619,10.90066712,"MacOS (All)",131,136.2,3.96996856032891,5,"MacOS (Unknown)","Standard ISP","Yes"
"157",182673,80,"TCP",1113783,3438,13437,8.993241084,"MacOS (All)",11,41.6,2.20772292215305,4.35889894354067,"Linux (2.6.3)","Standard ISP","Yes"
"158",176296,25,"TCP",8219307,3123,7774,10.13415024,"Windows (Desktops)",52,329.8,7.83857620681205,0,"Windows 10","Standard ISP","Yes"
"159",49147,25,"TCP",11056860,3105,17261,9.711045401,"MacOS (All)",118,108.6,2.25653228428046,0,"Windows 10","Standard ISP","No"
"160",61037,80,"TCP",25779527,2080,8103,8.916380741,"MacOS (All)",19,295.8,4.29983602826898,8.83176086632785,"Linux (>4.0)","Standard ISP","No"
"161",29949,25,"TCP",1894094,2807,15445,10.71875436,"MacOS (All)",183,80.4,1.69710937331688,0,"MacOS (Unknown)","Standard ISP","No"
"162",193710,NA,"TCP",31154000,3143,17787,7.775397636,"Linux",160,130.4,5.27148429002686,0,"MacOS (Unknown)","IPv6 (Unknown)","No"
"163",119348,25,"TCP",10130599,2384,10292,9.301069542,"Windows (Desktops)",-1,NA,6.96783626099236,0,"Linux (2.6.3)","Standard ISP","No"
"164",115568,25,"TCP",2189393,3313,14300,10.65055926,"MacOS (All)",-1,NA,4.18894163124768,0,"MacOS (Unknown)","Standard ISP","No"
"165",94607,80,"TCP",9381090,2832,8393,7.038544541,"MacOS (All)",20,7.8,1.39919362670075,0,"Linux (2.6.3)","Suspected Proxy/VPN","Yes"
"166",11590,25,"TCP",7003828,2462,10886,10.90071393,"MacOS (All)",193,26.2,2.12766598271439,0,"Windows 10","Standard ISP","No"
"167",87674,80,"TCP",1761048,2736,11009,7.951631681,"MacOS (All)",96,196.8,1.8758927549303,5.91607978309962,"MacOS (Unknown)","Standard ISP","Yes"
"168",71989,80,"TCP",3797987,3047,12487,6.417746904,"MacOS (All)",91,45.4,3.17712823316907,1.73205080756888,"MacOS (Unknown)","Standard ISP","No"
"169",70642,993,"TCP",21884321,3071,15003,8.876387565,"MacOS (All)",15,75.2,4.81391667356218,0,"MacOS (Unknown)","Standard ISP","No"
"170",49240,80,"TCP",17493329,3358,17970,12.8689639,"Windows (Servers)",13,56.8,1.30647500550144,6.92820323027551,"Windows 10","Suspected Proxy/VPN","No"
"171",107374,25,"UDP",3719827,2750,13267,10.02359577,"MacOS (All)",187,175.2,6.98168027196892,0,"MacOS (Unknown)","Standard ISP","No"
"172",189628,80,"TCP",11195040,2403,11784,7.429668735,"Windows (Desktops)",76,190,3.75817608821088,3.60555127546399,"MacOS (Unknown)","Suspected Proxy/VPN","Yes"
"173",109848,25,"TCP",11734371,2944,7799,9.85986448,"Windows (Desktops)",24,277.4,7.65098447064167,0,"Windows 10","Standard ISP","No"
"174",177278,25,"TCP",25925547,3992,14156,7.605723502,"MacOS (All)",74,138.8,3.99384112853779,0,"MacOS (Unknown)","IPv6 (Unknown)","No"
"175",153916,80,"TCP",9591491,3398,15780,10.65295152,"Windows (Desktops)",-1,NA,3.40400641891287,5.29150262212918,"Windows 10","Standard ISP","Yes"
"176",85610,80,"TCP",3906609,2455,8475,7.263075812,"Windows (Desktops)",89,173.2,3.22059771160572,11,"MacOS (Unknown)","Suspected Proxy/VPN","Yes"
"177",129192,25,"TCP",1931563,3034,11554,10.96330411,"MacOS (All)",70,176.2,3.75661528506713,0,"Linux (>4.0)","Standard ISP","No"
"178",105242,443,"TCP",4724863,3134,9638,7.427323778,"MacOS (All)",26,98.4,1.95589427270494,0,"Windows 10","Standard ISP","Yes"
"179",85472,80,"TCP",3062140,3628,14263,7.580185862,"MacOS (All)",189,176.4,1.84588459308809,3.16227766016838,"Windows 10","Standard ISP","Yes"
"180",176210,443,"TCP",6541844,3523,20721,9.303345778,"MacOS (All)",154,197.6,1.73784241287868,3.3166247903554,"Windows Server 2008","Standard ISP","Yes"
"181",81829,25,"TCP",27788012,2224,10115,8.495956014,"Windows (Desktops)",102,124.4,4.70207052690621,0,"Linux (2.6.3)","Suspected Proxy/VPN","Yes"
"182",80190,25,"TCP",24087207,2474,15445,8.536392997,"Windows (Desktops)",90,342.8,8.20013092090608,0,"Windows 10","Suspected Proxy/VPN","No"
"183",196508,443,"TCP",6648984,2135,7581,9.684664515,"Windows (Desktops)",67,204,6.24114499511107,2.44948974278318,"MacOS (Unknown)","Suspected Proxy/VPN","No"
"184",127235,80,"TCP",15964772,2027,9839,6.716233101,"Windows (Desktops)",112,140.4,4.41837933749469,5.74456264653803,"Linux (2.6.3)","Suspected Proxy/VPN","Yes"
"185",39437,80,"TCP",3377224,3728,12129,6.659326922,"MacOS (All)",120,353.6,4.90303621952765,5,"MacOS (Unknown)","Standard ISP","Yes"
"186",144270,443,"TCP",21475097,3483,14338,14.1317161,"Windows (Desktops)",-1,NA,3.39101959593276,7.74596669241483,"Linux (2.6.3)","Standard ISP","Yes"
"187",55766,80,"TCP",2904974,3713,14965,9.601858073,"Windows (Desktops)",157,81,2.62244557541239,1,"Windows 10","Standard ISP","Yes"
"188",26544,25,"TCP",26259009,3513,14873,8.983817764,"Windows (Desktops)",-1,NA,5.71090787791223,0,"Windows 10","Standard ISP","No"
"189",57153,25,"TCP",21209244,2706,7364,8.033268283,"Windows (Desktops)",43,149,5.46979430326224,0,"Windows 10","Standard ISP","No"
"190",18465,25,"TCP",9799047,2715,11935,9.194732212,"Windows (Desktops)",42,329.8,8.48444020074395,0,"MacOS (Unknown)","Standard ISP","No"
"191",58750,80,"TCP",29192855,2985,10603,11.84687606,"Windows (Desktops)",166,227.6,5.32086152328737,5.3851648071345,"MacOS (Unknown)","Standard ISP","Yes"
"192",23954,25,"TCP",25550749,2040,8973,9.085015934,"Windows (Desktops)",132,395,4.90820579132538,0,"MacOS (Unknown)","Suspected Proxy/VPN","Yes"
"193",122389,443,"UDP",18384341,2819,6160,12.4651696,"Windows (Desktops)",98,242,7.86977448152106,6.78232998312527,"MacOS (Unknown)","Standard ISP","No"
"194",131299,80,"TCP",5398880,2560,5528,7.374037583,"MacOS (All)",104,58.6,2.94339510684515,0,"MacOS (Unknown)","Standard ISP","No"
"195",16184,443,"TCP",16508782,3293,8309,13.20831278,"Windows (Desktops)",-1,NA,2.17613396991086,5.29150262212918,"MacOS (Unknown)","Standard ISP","Yes"
"196",100519,25,"TCP",7352931,2298,8172,10.01503474,"Windows (Desktops)",57,10,1.88862129766663,0,"MacOS (Unknown)","Standard ISP","No"
"197",155912,80,"TCP",13352091,2727,9082,6.439049671,"MacOS (All)",49,503,5.91990033108666,3,"MacOS (Unknown)","Suspected Proxy/VPN","Yes"
"198",411,993,"TCP",32156094,1884,7069,8.178900884,"Windows (Desktops)",-1,NA,3.20252816381059,0,"Linux (2.6.3)","Suspected Proxy/VPN","No"
"199",193872,80,"TCP",18955663,2893,8540,6.781097488,"MacOS (All)",29,182.2,3.39367504337112,5.3851648071345,"Windows 10","Suspected Proxy/VPN","Yes"
"200",194487,993,"TCP",26960315,3052,10011,8.957703958,"MacOS (All)",59,62.6,5.44597758717386,0,"Windows 10","Standard ISP","No"
"201",156724,25,"TCP",20048416,2496,7800,8.406665863,"Windows (Desktops)",136,159,5.24583409001848,0,"MacOS (Unknown)","Suspected Proxy/VPN","No"
"202",67574,443,"TCP",1957716,4302,21704,10.41079957,"MacOS (All)",157,14.4,1.61286915867345,3.3166247903554,"Windows 10","Standard ISP","Yes"
"203",125632,993,"TCP",6574734,3116,12410,12.34188468,"Windows (Desktops)",30,90.6,5.55657338833926,0,"MacOS (Unknown)","Standard ISP","Yes"
"204",24393,443,"TCP",11335464,4154,14704,9.841837555,"Windows (Desktops)",17,332.4,7.12315985851785,8,"Windows 10","Standard ISP","Yes"
"205",19970,80,"TCP",4470592,2333,10929,7.995291715,"Windows (Desktops)",113,115.8,3.0313162678942,3.46410161513775,"Windows 10","Suspected Proxy/VPN","Yes"
"206",159855,25,"TCP",7589332,2081,10886,8.51083193,"MacOS (All)",61,286.8,6.21123646708125,0,"Linux (>4.0)","Standard ISP","No"
"207",109904,80,"TCP",31018667,4574,21433,5.737579933,"MacOS (All)",43,91,4.27608524002972,7.93725393319377,"Windows Server 2008","Standard ISP","Yes"
"208",75764,25,"TCP",1751906,2827,9611,11.11612267,"Windows (Desktops)",125,251.2,2.80498431403814,0,"MacOS (Unknown)","Standard ISP","No"
"209",168970,80,"TCP",804206,3343,16189,8.152000647,"MacOS (All)",195,255,6.54571046487698,6,"Linux (>4.0)","Standard ISP","Yes"
"210",64638,25,"TCP",26777155,2659,14739,6.587511765,"MacOS (All)",69,245.4,3.1225927613123,0,"Linux (>4.0)","Standard ISP","No"
"211",114964,443,"TCP",10775521,2842,12001,9.282464261,"MacOS (All)",38,126.6,2.52081173513612,5.56776436283002,"Linux (>4.0)","Standard ISP","No"
"212",92278,443,"TCP",6005109,3734,12686,10.86670002,"Windows (Desktops)",113,4.8,1.63185855300023,5.91607978309962,"Linux (2.6.3)","Standard ISP","Yes"
"213",108452,80,"TCP",10799143,2502,11506,5.988790476,"MacOS (All)",38,440,3.86697855696149,4.35889894354067,"Windows 10","Suspected Proxy/VPN","Yes"
"214",39829,443,"TCP",4965036,3665,12651,10.35047374,"Windows (Desktops)",8,75.6,1.42034587020204,7.54983443527075,"Windows 10","Standard ISP","Yes"
"215",141769,25,"TCP",10833480,3060,13138,9.96860136,"Windows (Desktops)",103,10.6,1.32081348910435,0,"Windows 10","Standard ISP","No"
"216",133889,25,"TCP",3801102,2570,13792,9.800085403,"MacOS (All)",47,306.6,6.33938813609011,0,"Windows 10","Standard ISP","No"
"217",63144,993,"TCP",26837967,1450,5726,10.11537977,"Windows (Desktops)",31,246.2,3.09393357427079,0,"MacOS (Unknown)","Suspected Proxy/VPN","No"
"218",70264,80,"TCP",31448972,2451,14022,6.618576344,"Windows (Desktops)",53,5.4,1.49744262594598,5.74456264653803,"MacOS (Unknown)","TOR Exit Node","Yes"
"219",139563,993,"TCP",30922406,1822,7055,8.824238135,"Windows (Desktops)",41,44.2,2.97362297610171,0,"MacOS (Unknown)","Suspected Proxy/VPN","No"
"220",171827,993,"TCP",11882472,3099,14393,9.558960521,"MacOS (All)",22,21,1.36994355869138,0,"MacOS (Unknown)","Standard ISP","No"
"221",74158,993,"TCP",1266540,2023,8047,12.05197578,"Windows (Desktops)",102,83.8,3.72956707139046,0,"Linux (2.6.3)","Standard ISP","No"
"222",85260,25,"TCP",8355725,2481,9911,9.946196712,"Windows (Desktops)",-1,NA,4.34090184639091,0,"Windows 10","Standard ISP","No"
"223",179931,443,"TCP",3487029,3695,16886,8.628276043,"MacOS (All)",183,51.8,1.79075355451274,6.32455532033676,"MacOS (Unknown)","Standard ISP","Yes"
"224",187175,443,"TCP",7393717,3509,13399,10.33821946,"Windows (Desktops)",8,53.2,2.06551069036207,0,"Windows 10","Standard ISP","No"
"225",109823,80,"TCP",21351033,2839,11153,6.897868277,"Windows (Desktops)",84,85.4,2.81611499782946,6.40312423743285,"Linux (2.6.3)","Suspected Proxy/VPN","Yes"
"226",149101,443,"TCP",18630861,3762,17349,13.78160057,"Windows (Desktops)",98,353,8.04459323769698,7.07106781186548,"Windows Server 2008","Standard ISP","Yes"
"227",33537,443,"TCP",7025645,2701,14699,11.45133767,"Windows (Desktops)",181,12.6,1.18550465287995,7.93725393319377,"Windows 10","Standard ISP","No"
"228",125893,443,"TCP",6137723,2614,11947,8.211634308,"MacOS (All)",70,244.8,6.02403923293997,5,"Linux (>4.0)","Standard ISP","Yes"
"229",127788,443,"TCP",3784828,3994,18420,10.05678515,"MacOS (All)",65,290.4,7.69580724615683,10.2469507659596,"Windows 10","Standard ISP","Yes"
"230",122567,80,"TCP",24205608,4613,17410,7.464747171,"MacOS (All)",94,100.4,3.90099734939669,8.54400374531753,"MacOS (Unknown)","Standard ISP","Yes"
"231",62637,993,"TCP",29846644,3225,13094,8.073807796,"MacOS (All)",-1,NA,7.41732138106473,0,"MacOS (Unknown)","Standard ISP","No"
"232",125756,993,"TCP",11998813,2040,9518,9.235334734,"Windows (Desktops)",13,206.2,3.87322558470327,0,"MacOS (Unknown)","Standard ISP","No"
"233",123213,80,"TCP",11987333,2548,11815,6.61463378,"Windows (Desktops)",17,82.4,2.89494774667869,10.5356537528527,"Windows 10","Suspected Proxy/VPN","Yes"
"234",188932,80,"TCP",1837898,3830,13338,9.958655865,"Windows (Desktops)",88,4.2,1.2488259614534,2,"Windows 10","Standard ISP","Yes"
"235",74056,80,"TCP",6556070,2028,11037,6.100962269,"MacOS (All)",60,176,1.55286636224757,8.60232526704263,"MacOS (Unknown)","Suspected Proxy/VPN","Yes"
"236",116124,443,"TCP",17341918,1406,5556,5.400825642,"MacOS (All)",53,204.6,3.13430020132086,3.87298334620742,"Windows 10","Suspected Proxy/VPN","Yes"
"237",109217,25,"TCP",19977392,2112,8775,8.258724735,"Windows (Desktops)",173,172,4.51121878542817,0,"Windows 10","Standard ISP","No"
"238",142845,25,"TCP",2233637,2423,11305,11.19654586,"Windows (Desktops)",34,399.8,5.91054318146818,0,"Windows 10","Standard ISP","No"
"239",57620,25,"UDP",2098798,2543,13648,9.612696601,"MacOS (All)",40,128.4,6.13029524166659,0,"MacOS (Unknown)","Standard ISP","No"
"240",154678,993,"TCP",3831208,1455,5769,11.13297273,"MacOS (All)",99,52.2,2.601326674795,0,"Windows 10","Standard ISP","No"
"241",31014,25,"TCP",27002310,2636,8176,7.606777201,"Windows (Desktops)",10,65.8,2.1268799688746,0,"Windows 10","Suspected Proxy/VPN","No"
"242",166667,443,"TCP",6977202,3310,12144,8.046352572,"MacOS (All)",133,143.4,5.11240195994016,5.91607978309962,"Linux (2.6.3)","Standard ISP","Yes"
"243",134903,993,"UDP",4214343,2302,10317,12.91334625,"Windows (Desktops)",144,192.8,8.18128686087953,0,"MacOS (Unknown)","Standard ISP","No"
"244",3209,25,"TCP",10012682,3385,21497,10.03123437,"MacOS (All)",154,45.6,1.86195394572476,0,"MacOS (Unknown)","Standard ISP","No"
"245",99884,80,"TCP",3058941,2723,12942,8.729641513,"Windows (Desktops)",57,130.6,5.13548236390702,10.770329614269,"Linux (2.6.3)","Suspected Proxy/VPN","Yes"
"246",36264,443,"TCP",19075943,3238,13330,11.88792792,"Windows (Desktops)",12,98.4,3.47454060992241,8.88819441731559,"Windows 10","Standard ISP","Yes"
"247",123878,80,"TCP",12657603,3473,11183,5.705573497,"MacOS (All)",80,187,6.0601478991853,6.70820393249937,"Linux (>4.0)","Standard ISP","Yes"
"248",131407,443,"TCP",9012811,3691,16195,9.952969791,"Windows (Desktops)",89,144.2,1.86832449644059,4.89897948556636,"Linux (2.6.3)","Standard ISP","No"
"249",129554,443,"TCP",2043484,3113,19307,11.23982038,"Windows (Desktops)",-1,NA,3.17090129931539,9.79795897113271,"Windows 10","Standard ISP","No"
"250",89336,25,"TCP",9205431,2624,11813,11.66632607,"MacOS (All)",193,155.2,4.28594827196969,0,"MacOS (Unknown)","Standard ISP","No"
"251",78767,25,"UDP",885289,3213,13908,11.39069165,"Windows (Desktops)",100,37.2,3.37216623997098,0,"Windows 10","Standard ISP","No"
"252",120754,NA,"TCP",7092115,2524,6949,7.07032948,"Windows (Desktops)",21,103.8,2.42200084000811,0,"Linux (2.6.3)","Suspected Proxy/VPN","Yes"
"253",63579,443,"TCP",17743205,2679,9394,12.95917556,"Windows (Servers)",55,84.4,2.22072052338875,8.06225774829855,"Windows 10","Standard ISP","No"
"254",150154,993,"TCP",20405146,3512,10333,8.503718662,"MacOS (All)",88,250.8,4.58178704110088,0,"Linux (2.6.3)","Standard ISP","No"
"255",135064,80,"TCP",19567934,2675,12901,8.398091082,"Windows (Desktops)",110,2,1.40162427240684,6.40312423743285,"Linux (>4.0)","Suspected Proxy/VPN","Yes"
"256",47237,443,"TCP",728941,3652,16325,10.54900801,"Windows (Desktops)",42,242.2,3.01967592317454,8.36660026534076,"Windows 10","Standard ISP","No"
"257",189506,25,"TCP",23567969,3770,12579,8.863925395,"MacOS (All)",82,187,6.42044839944999,0,"Linux (>4.0)","Standard ISP","No"
"258",122315,993,"TCP",26067226,3506,17329,8.200293043,"MacOS (All)",43,379.8,4.22720494416819,0,"Windows 10","IPv6 (Unknown)","No"
"259",152189,443,"TCP",16876778,2266,6579,5.720956769,"MacOS (All)",64,83.4,1.88373887495056,6.48074069840786,"Linux (>4.0)","Standard ISP","Yes"
"260",42306,25,"TCP",4406470,2367,11618,10.4507756,"Windows (Desktops)",205,209.2,6.19960726901309,0,"Windows 10","Standard ISP","No"
"261",71260,80,"TCP",12595572,2209,12634,7.49145547,"Windows (Desktops)",37,582.2,3.98342014480019,10.5356537528527,"Windows 10","Suspected Proxy/VPN","Yes"
"262",160254,25,"TCP",11002981,3017,10366,9.933342747,"MacOS (All)",81,270.6,6.56088104754232,0,"MacOS (Unknown)","Standard ISP","No"
"263",4403,993,"TCP",15014390,1500,4641,9.851015914,"Windows (Desktops)",125,62,3.88050951809166,0,"Windows 10","Suspected Proxy/VPN","No"
"264",178214,80,"TCP",23809756,2621,8320,9.550404836,"MacOS (All)",38,84.6,1.99762577651571,3.3166247903554,"Windows 10","Standard ISP","Yes"
"265",177295,443,"TCP",17818110,1956,8138,6.194062865,"MacOS (All)",54,53.2,1.29534810688093,8.77496438739212,"MacOS (Unknown)","Standard ISP","Yes"
"266",96061,443,"TCP",6177678,3121,15499,10.4973399,"Windows (Desktops)",156,230.6,7.84073367613006,9.32737905308882,"Linux (2.6.3)","Standard ISP","No"
"267",115071,80,"TCP",11636976,1970,9136,7.12433244,"Windows (Desktops)",25,162.4,4.35343462911757,8.18535277187245,"Windows 10","Suspected Proxy/VPN","Yes"
"268",150898,443,"TCP",8551750,3336,13116,9.930652318,"Windows (Desktops)",26,49.2,3.81994306371181,4.69041575982343,"Linux (>4.0)","Standard ISP","Yes"
"269",188475,80,"TCP",7892274,3728,20456,8.211055317,"MacOS (All)",95,108.2,2.85809748644094,3.3166247903554,"Windows 10","Standard ISP","Yes"
"270",127364,443,"TCP",2528489,3245,15416,9.835627831,"Windows (Desktops)",1,200,1.8203792357638,0,"Windows 10","Standard ISP","Yes"
"271",127934,443,"TCP",15052818,2803,9193,8.016955231,"Windows (Desktops)",57,222.8,6.7708239195832,6.92820323027551,"Linux (>4.0)","Suspected Proxy/VPN","Yes"
"272",154360,443,"TCP",12990966,1920,3574,8.985803497,"Windows (Desktops)",33,158.2,3.38543635739915,9.48683298050514,"MacOS (Unknown)","Suspected Proxy/VPN","Yes"
"273",114270,25,"UDP",4106527,2381,12653,10.67471688,"MacOS (All)",5,80.4,5.67198633020215,0,"Windows 10","Standard ISP","No"
"274",193454,80,"TCP",20356258,2323,13631,6.8959341,"Windows (Desktops)",23,287.8,7.48692550717583,4.24264068711928,"Windows 10","Suspected Proxy/VPN","Yes"
"275",49110,25,"TCP",13823864,3680,18853,9.509827841,"MacOS (All)",20,27.4,1.25825454896853,0,"MacOS (Unknown)","Standard ISP","No"
"276",92032,443,"TCP",21046382,2505,12939,6.920091259,"MacOS (All)",112,105.2,4.95558554360633,4.58257569495584,"Windows 10","Standard ISP","No"
"277",25765,25,"TCP",15904248,2252,12942,8.442626502,"Windows (Desktops)",57,58.2,3.77003837911499,0,"MacOS (Unknown)","Standard ISP","No"
"278",26227,443,"TCP",1830479,3440,7882,9.7632334,"MacOS (All)",79,137.4,1.44088453735891,7.74596669241483,"MacOS (Unknown)","Standard ISP","Yes"
"279",173619,80,"TCP",21704126,1631,11253,5.872084244,"Windows (Desktops)",86,64.2,1.78191607406185,5.29150262212918,"Windows 10","Suspected Proxy/VPN","Yes"
"280",10896,443,"TCP",880024,4469,21638,11.51465259,"Windows (Desktops)",15,17.4,1.96147698864911,10.6301458127346,"Windows 10","Standard ISP","Yes"
"281",171185,443,"TCP",2613405,3712,10807,9.869513425,"MacOS (All)",48,187.2,1.2320074691332,6.85565460040104,"Windows 10","Standard ISP","Yes"
"282",108736,443,"TCP",8692601,2617,16747,7.542508279,"MacOS (All)",-1,NA,2.197451806525,8.60232526704263,"MacOS (Unknown)","Standard ISP","Yes"
"283",65764,25,"TCP",10758207,2918,11111,9.483919987,"Windows (Desktops)",86,189,2.47516395557951,0,"MacOS (Unknown)","Standard ISP","No"
"284",38273,25,"TCP",13641026,2206,6648,10.24368747,"Windows (Desktops)",52,321.8,6.32830174533421,0,"MacOS (Unknown)","Suspected Proxy/VPN","No"
"285",53955,993,"TCP",12883432,2343,13370,10.07176266,"Windows (Desktops)",131,10.2,1.8328768420164,0,"Windows 10","Standard ISP","No"
"286",181691,80,"TCP",23623182,3244,9262,10.88219485,"MacOS (All)",107,233,4.90840319961594,4.24264068711928,"Linux (2.6.3)","IPv6 (Unknown)","Yes"
"287",30496,25,"TCP",22185071,3620,15362,9.038668682,"MacOS (All)",106,346,8.14487884992773,0,"MacOS (Unknown)","Standard ISP","No"
"288",62978,443,"TCP",6234031,3171,9310,10.27081909,"Windows (Desktops)",93,96.6,4.26971414382743,6.85565460040104,"Windows 10","Standard ISP","No"
"289",5909,25,"UDP",16842591,2759,13980,7.962496641,"MacOS (All)",-1,NA,8.43049361781385,0,"Linux (2.6.3)","Standard ISP","No"
"290",192084,443,"TCP",6033812,3894,18170,10.27299437,"Windows (Desktops)",135,197.6,5.69839072370437,5.91607978309962,"Windows 10","Standard ISP","Yes"
"291",199812,993,"TCP",24968044,1384,4516,9.430607791,"Windows (Desktops)",5,197,7.93661490750307,0,"Linux (>4.0)","Suspected Proxy/VPN","No"
"292",17561,443,"TCP",7898351,3677,15080,9.901307934,"MacOS (All)",13,11.8,1.75519400722541,7,"Windows 10","Standard ISP","No"
"293",13096,443,"TCP",4444198,2853,12032,10.23859446,"MacOS (All)",78,87,3.25965388193287,1.73205080756888,"MacOS (Unknown)","Standard ISP","No"
"294",126611,443,"TCP",9965908,2444,13292,8.242807605,"Windows (Desktops)",-1,NA,5.98675672129743,5.47722557505166,"Windows 10","Suspected Proxy/VPN","Yes"
"295",88671,993,"TCP",9405891,3010,15451,9.700486428,"MacOS (All)",160,204.6,3.13755363683237,0,"Windows 10","Standard ISP","No"
"296",42231,80,"TCP",10320825,3470,15085,11.74416349,"Windows (Desktops)",69,377.8,4.69892675405778,5.56776436283002,"Windows 10","Standard ISP","No"
"297",108916,25,"TCP",16794741,2398,6510,7.896281778,"Windows (Desktops)",53,134.4,3.20362739250369,0,"Linux (2.6.3)","Standard ISP","No"
"298",72326,25,"TCP",14315893,2894,12583,9.719186784,"Windows (Desktops)",42,61.6,4.70130890497529,0,"Linux (2.6.3)","Standard ISP","No"
"299",65327,25,"TCP",5873765,2105,12890,8.686855959,"MacOS (All)",53,117.6,1.90102602980601,0,"MacOS (Unknown)","Standard ISP","No"
"300",191791,443,"TCP",16184383,3632,13764,12.13169578,"Windows (Desktops)",74,189.2,4.29811042668752,9.8488578017961,"Windows 10","Standard ISP","Yes"
"301",130490,993,"TCP",16839749,3260,10458,8.791121778,"MacOS (All)",74,6.2,1.23304666253958,0,"Windows 10","IPv6 (Unknown)","No"
"302",198030,80,"TCP",396225,3344,18250,9.982371536,"Windows (Desktops)",92,7.4,1.42572720462226,7.34846922834953,"MacOS (Unknown)","Standard ISP","Yes"
"303",148529,443,"TCP",4010548,2930,14905,9.72225342,"Windows (Desktops)",9,44.6,3.36467060349152,8.66025403784439,"Windows 10","Standard ISP","Yes"
"304",94714,443,"TCP",2340883,3189,15644,9.28724374,"Windows (Desktops)",81,35.6,2.43809329579489,5.29150262212918,"Windows 10","Standard ISP","Yes"
"305",139722,25,"TCP",1671965,2582,13642,11.23871615,"Windows (Desktops)",16,3.8,1.30299678433985,0,"Linux (2.6.3)","Standard ISP","No"
"306",28534,443,"TCP",1928509,3261,16386,10.8935588,"Windows (Desktops)",115,488.6,2.79024203699249,4,"Linux (>4.0)","Standard ISP","No"
"307",92326,25,"TCP",14637697,2621,8835,8.911937593,"MacOS (All)",104,117,3.62964370703241,0,"Windows 10","Standard ISP","No"
"308",107684,80,"TCP",4128860,4250,19040,8.809072054,"MacOS (All)",32,277.4,2.0045792122039,7.68114574786861,"Windows 10","Standard ISP","Yes"
"309",172485,25,"TCP",8501219,2670,10957,11.56398899,"Windows (Desktops)",51,83.2,1.8809636054427,0,"MacOS (Unknown)","Standard ISP","No"
"310",44411,80,"TCP",19654573,3538,16150,5.543295098,"MacOS (All)",56,178.4,6.9440202455062,5.8309518948453,"MacOS (Unknown)","Standard ISP","Yes"
"311",147091,443,"TCP",5257860,3484,16792,9.586452099,"Windows (Desktops)",52,177.8,3.38195968781415,6.85565460040104,"Linux (2.6.3)","Standard ISP","Yes"
"312",48050,25,"TCP",10246804,2673,10881,9.979339397,"Windows (Desktops)",100,518.8,8.8919040846154,0,"Windows 10","Standard ISP","No"
"313",90704,993,"TCP",6401508,1713,7029,13.41473694,"Windows (Desktops)",37,475,13.1262618783872,0,"Linux (>4.0)","Suspected Proxy/VPN","No"
"314",15734,993,"TCP",23916375,2468,8301,9.210480813,"Windows (Desktops)",-1,NA,10.1203015567719,0,"MacOS (Unknown)","Standard ISP","No"
"315",109739,25,"TCP",16859602,3059,11797,9.950718966,"MacOS (All)",51,28.2,3.27012322397796,0,"Windows 10","Standard ISP","No"
"316",28945,443,"TCP",10196862,2894,14081,11.97144058,"Windows (Desktops)",154,89,1.41254608101824,4,"Windows 10","Standard ISP","No"
"317",77848,80,"TCP",4635475,2439,15569,7.425023167,"Windows (Desktops)",119,57,3.31047444484926,6.32455532033676,"Linux (2.6.3)","Suspected Proxy/VPN","Yes"
"318",151921,25,"TCP",18533701,2541,12245,12.11509721,"MacOS (All)",1,15.2,1.88856473757189,0,"Windows 10","IPv6 (Unknown)","No"
"319",20365,25,"TCP",9045705,3422,10688,9.988376138,"Windows (Desktops)",34,56.2,2.89184972880681,0,"Linux (>4.0)","Standard ISP","No"
"320",173655,25,"TCP",22609590,2483,7496,8.860724706,"Windows (Desktops)",77,124.4,2.45417587756053,0,"Windows 10","Suspected Proxy/VPN","No"
"321",124139,443,"TCP",5412838,4688,17893,11.23439883,"Windows (Desktops)",95,380,5.30640605494906,3.16227766016838,"MacOS (Unknown)","Standard ISP","Yes"
"322",7590,80,"TCP",7289729,4201,12039,10.88201342,"Windows (Desktops)",55,13.2,1.93916756109419,3.3166247903554,"Linux (2.6.3)","Standard ISP","Yes"
"323",124129,80,"TCP",8383512,1979,7945,5.426387445,"MacOS (All)",54,193,3.31429959569137,5.29150262212918,"Windows 10","Suspected Proxy/VPN","Yes"
"324",129289,80,"TCP",32775499,2503,10183,11.7774772,"Windows (Desktops)",142,246,1.41887275680379,5.74456264653803,"MacOS (Unknown)","Standard ISP","Yes"
"325",8237,25,"TCP",27914695,3807,16740,8.061167485,"MacOS (All)",62,114.2,4.96026752101134,0,"MacOS (Unknown)","Standard ISP","No"
"326",95946,25,"TCP",10667068,3296,10271,9.899295948,"MacOS (All)",58,70.6,3.9832411388215,0,"Windows 10","Standard ISP","No"
"327",18496,80,"TCP",852896,2871,10604,8.235617159,"MacOS (All)",15,112.6,3.70494811164745,3.74165738677394,"Linux (2.6.3)","Standard ISP","Yes"
"328",116524,443,"TCP",19695565,2351,8339,12.75616419,"Windows (Desktops)",93,67.2,1.75510422995331,5.47722557505166,"MacOS (Unknown)","Standard ISP","No"
"329",22611,25,"TCP",852522,3483,9333,11.63382169,"Windows (Desktops)",149,219.2,8.52937212284703,0,"Linux (>4.0)","Standard ISP","Yes"
"330",82767,80,"TCP",16622941,2751,9090,9.979587688,"MacOS (All)",27,155.8,3.95695288195349,7.14142842854285,"Linux (2.6.3)","Standard ISP","Yes"
"331",99475,443,"TCP",21555644,3178,11139,11.93705904,"MacOS (All)",169,117.8,3.99690969750381,1,"MacOS (Unknown)","Standard ISP","Yes"
"332",59040,80,"TCP",10931731,2917,10130,7.923600072,"Windows (Desktops)",42,83,3.69964258273688,8.88819441731559,"Windows 10","Suspected Proxy/VPN","Yes"
"333",148158,25,"TCP",484558,3355,20142,10.8621917,"Windows (Desktops)",183,43,1.92585472037742,0,"MacOS (Unknown)","Standard ISP","No"
"334",118793,443,"TCP",5876183,3825,20844,10.358638,"MacOS (All)",72,154.8,3.11886410332352,1.4142135623731,"MacOS (Unknown)","Standard ISP","Yes"
"335",188385,80,"TCP",9950840,3381,14413,12.12405737,"Windows (Desktops)",65,35.8,2.8650601520736,8.83176086632785,"Linux (>4.0)","Suspected Proxy/VPN","No"
"336",183392,993,"TCP",22351550,3341,14926,8.779185453,"MacOS (All)",188,314.4,7.12835199327306,0,"MacOS (Unknown)","Standard ISP","No"
"337",140587,993,"TCP",18389741,2224,9813,8.812436955,"Windows (Desktops)",58,86.8,4.52522457453771,0,"Windows 10","Standard ISP","No"
"338",120858,25,"TCP",13424449,3635,18672,9.293363452,"MacOS (All)",9,181,1.58133012555886,0,"MacOS (Unknown)","Standard ISP","No"
"339",4950,25,"TCP",12432011,1686,5976,8.893938024,"Windows (Desktops)",88,155,3.19740298210907,0,"Linux (2.6.3)","Suspected Proxy/VPN","No"
"340",175126,25,"TCP",23686957,3727,19578,9.030216429,"Windows (Desktops)",215,30.6,3.25032588981474,0,"Windows 10","Standard ISP","No"
"341",90702,993,"TCP",27105084,3724,13023,7.652374723,"Linux",200,143,3.78834429005601,0,"Linux (2.6.3)","IPv6 (Unknown)","No"
"342",32528,80,"TCP",13880603,2256,8015,6.041126314,"Windows (Desktops)",102,90.6,2.84703745444278,6.2449979983984,"MacOS (Unknown)","Suspected Proxy/VPN","Yes"
"343",174538,25,"TCP",7753751,3415,13425,9.957971824,"MacOS (All)",164,436,3.10291779942686,0,"MacOS (Unknown)","Standard ISP","No"
"344",175333,443,"TCP",8877828,4076,12942,10.35790724,"MacOS (All)",9,305.4,6.08403671915284,8.66025403784439,"MacOS (Unknown)","Standard ISP","Yes"
"345",31982,25,"TCP",15203008,2818,5288,7.823548027,"Windows (Desktops)",20,175.2,2.82703874540127,0,"Linux (2.6.3)","Standard ISP","No"
"346",90033,443,"UDP",6061449,4946,21969,12.89713241,"Windows (Desktops)",104,84.4,4.93004247141949,2.23606797749979,"Linux (2.6.3)","IPv6 (Unknown)","Yes"
"347",92658,25,"TCP",14214007,2281,8702,7.730108819,"MacOS (All)",119,126.2,4.08610650008049,0,"MacOS (Unknown)","Standard ISP","No"
"348",8448,443,"TCP",15683909,3668,17451,13.03227083,"Windows (Desktops)",148,119.4,3.65472254624069,4.89897948556636,"Linux (2.6.3)","Standard ISP","Yes"
"349",17291,25,"TCP",9253327,2078,9143,10.32924296,"Windows (Desktops)",80,256.8,5.86099280753696,0,"Linux (2.6.3)","Suspected Proxy/VPN","No"
"350",144098,80,"TCP",13534239,2920,14835,9.110668854,"MacOS (All)",34,225.4,3.96018390860829,2.82842712474619,"MacOS (Unknown)","Standard ISP","Yes"
"351",64541,25,"TCP",7074525,2421,9855,11.36981215,"MacOS (All)",39,435.2,7.21104115714229,0,"Linux (2.6.3)","Standard ISP","No"
"352",79029,25,"TCP",18859034,2533,10641,9.308768555,"Windows (Desktops)",54,41.2,3.08778281603483,0,"Linux (2.6.3)","Standard ISP","No"
"353",140948,443,"TCP",13663965,2475,10298,7.813872392,"MacOS (All)",24,346.4,10.0421811973296,0,"MacOS (Unknown)","Standard ISP","Yes"
"354",191540,80,"TCP",23247277,2881,10217,6.920166814,"Windows (Desktops)",50,123.2,4.45353690565151,2.23606797749979,NA,"Suspected Proxy/VPN","Yes"
"355",37787,25,"TCP",2631480,2859,7525,10.48480657,"MacOS (All)",101,71.2,1.64143519000904,0,"MacOS (Unknown)","Standard ISP","No"
"356",36594,443,"TCP",9809341,3139,14390,11.50505547,"Windows (Desktops)",101,86.2,2.54069347856053,3.87298334620742,"MacOS (Unknown)","Standard ISP","No"
"357",198682,25,"TCP",8222691,3279,18500,9.977210591,"Windows (Desktops)",70,86.4,2.55753288033605,0,"MacOS (Unknown)","Standard ISP","No"
"358",155826,443,"TCP",11259369,2787,12577,12.71498164,"Windows (Desktops)",99,99.4,3.62614318112233,5,"MacOS (Unknown)","Suspected Proxy/VPN","No"
"359",165333,443,"TCP",11334661,2889,6513,7.327379156,"MacOS (All)",62,358.2,4.28459016243094,4.47213595499958,"Linux (2.6.3)","Standard ISP","No"
"360",29553,443,"TCP",1621326,3579,15012,11.10374719,"Windows (Desktops)",21,144.4,3.97127803609871,4.89897948556636,"Windows 10","Standard ISP","No"
"361",53765,443,"TCP",212874,3500,11976,11.06158799,"Windows (Desktops)",81,136.6,5.34102171311819,7.48331477354788,"Windows 10","Standard ISP","Yes"
"362",182546,443,"TCP",10495480,3296,17300,10.8125158,"MacOS (All)",24,158,1.90873506673923,4.12310562561766,"Windows 10","Standard ISP","Yes"
"363",64029,443,"TCP",17349780,2705,9477,12.64568375,"Windows (Desktops)",25,86,4.16925537716269,6.16441400296898,"MacOS (Unknown)","Standard ISP","No"
"364",120232,443,"TCP",17046241,3458,16729,10.97754155,"MacOS (All)",19,76,2.79388996830584,8.88819441731559,"Windows 10","Standard ISP","Yes"
"365",37453,443,"TCP",7921492,3364,12089,11.86861468,"Windows (Desktops)",29,326,3.24259942947013,1.73205080756888,"Linux (2.6.3)","Standard ISP","No"
"366",154790,993,"TCP",34523167,2022,8521,9.08815419,"Windows (Desktops)",128,96.6,2.03628837324186,0,"MacOS (Unknown)","Suspected Proxy/VPN","No"
"367",43474,443,"TCP",7616813,2893,15885,11.15818409,"Windows (Desktops)",148,68.4,4.57746515770464,9.69535971483266,"Windows 10","Standard ISP","No"
"368",137689,25,"TCP",17648608,1845,9627,9.176503243,"Windows (Desktops)",85,214.8,5.51168755645673,0,"Windows 10","Suspected Proxy/VPN","No"
"369",80144,993,"UDP",1924181,2960,12439,10.19949546,"MacOS (All)",9,133.2,6.49860315375543,0,"Linux (>4.0)","IPv6 (Unknown)","No"
"370",41213,25,"TCP",9269684,2953,15961,10.01425613,"MacOS (All)",50,226.2,2.7106689657721,0,"Linux (>4.0)","Standard ISP","No"
"371",37980,443,"TCP",6614881,3604,13460,9.936879233,"MacOS (All)",25,6,1.19283389162113,9.59166304662544,"Windows 10","Standard ISP","Yes"
"372",46562,25,"TCP",13047139,2869,13067,9.358261083,"Windows (Desktops)",18,434.8,3.83369323890162,0,"MacOS (Unknown)","Standard ISP","No"
"373",50856,443,"TCP",16131057,3990,17362,12.86504373,"Windows (Desktops)",68,291.4,7.18998632613442,1.73205080756888,"MacOS (Unknown)","Standard ISP","Yes"
"374",165153,80,"TCP",7128216,3338,13227,11.64457229,"Windows (Desktops)",3,290.4,6.27755268795093,7.61577310586391,"Linux (>4.0)","Standard ISP","No"
"375",149880,25,"TCP",22086116,2428,11192,8.229313764,"Windows (Desktops)",129,7.6,1.53678274033775,0,"Windows 10","Standard ISP","No"
"376",189416,80,"TCP",21452702,2348,10629,6.236011604,"MacOS (All)",201,85.8,4.33470074745651,8.48528137423857,"Windows 10","Suspected Proxy/VPN","Yes"
"377",160502,25,"TCP",3104528,2819,9297,10.71494521,"MacOS (All)",62,147,3.98527081764841,0,"MacOS (Unknown)","Standard ISP","Yes"
"378",99517,80,"TCP",12143135,3909,13732,6.895120035,"MacOS (All)",67,337.8,6.17588753297856,5.74456264653803,"Windows 10","Standard ISP","Yes"
"379",108864,25,"TCP",30951050,2508,7511,7.703068426,"Windows (Desktops)",73,77.8,2.29555311461094,0,"Linux (2.6.3)","Standard ISP","No"
"380",191778,443,"UDP",4877598,2996,17692,8.630608201,"MacOS (All)",91,143.6,6.23738106660159,3.3166247903554,"Windows 10","Standard ISP","No"
"381",169904,443,"TCP",10274600,4288,14999,13.54404244,"Windows (Desktops)",50,336.4,8.74525078828503,3.16227766016838,"MacOS (Unknown)","Standard ISP","Yes"
"382",137674,25,"TCP",1067678,3100,14468,10.56392429,"MacOS (All)",50,0.8,1.2104613285851,0,"MacOS (Unknown)","Standard ISP","No"
"383",26945,443,"UDP",21767378,2579,11777,6.174132978,"MacOS (All)",11,176.2,6.87923638567537,5.91607978309962,"Linux (>4.0)","Standard ISP","No"
"384",127004,443,"TCP",22050568,3867,16951,9.094922454,"Windows (Desktops)",-1,NA,10.3237422187887,3.46410161513775,"Linux (>4.0)","Standard ISP","No"
"385",179069,993,"TCP",706313,2500,9248,12.37756571,"Windows (Desktops)",10,175.4,6.51823375156185,0,"MacOS (Unknown)","Standard ISP","No"
"386",77884,993,"TCP",12723278,2236,8227,9.810650114,"MacOS (All)",62,66.4,3.69835422857249,0,"MacOS (Unknown)","Standard ISP","No"
"387",174310,443,"TCP",4803819,1815,8889,8.63294411,"Windows (Desktops)",145,312.2,5.34417709942326,5.09901951359278,"MacOS (Unknown)","Standard ISP","Yes"
"388",40729,443,"TCP",2551384,3039,12474,11.23370436,"Windows (Desktops)",127,108.8,4.06384007682389,6,"MacOS (Unknown)","Standard ISP","No"
"389",115789,80,"TCP",22015636,2981,11175,9.877094001,"MacOS (All)",162,13.4,1.34785168879962,1,"Windows 10","Standard ISP","Yes"
"390",109307,80,"TCP",7767307,2902,16185,7.169621623,"MacOS (All)",130,253.2,5.77296770474251,4.12310562561766,"MacOS (Unknown)","Standard ISP","Yes"
"391",26687,443,"TCP",2338233,2744,11802,11.37367843,"Windows (Desktops)",114,190.6,4.81649005085654,3,"Windows Server 2008","Standard ISP","No"
"392",155239,993,"TCP",20700526,2354,6863,9.982619682,"Windows (Desktops)",164,96.2,2.75428409591313,0,"MacOS (Unknown)","Standard ISP","No"
"393",166601,25,"TCP",4864514,3276,13799,10.51575749,"MacOS (All)",67,49,2.06890040673784,0,"Windows 10","Standard ISP","No"
"394",20305,80,"TCP",22516442,3328,17595,11.67928557,"Windows (Desktops)",102,388.6,7.00431203331205,2,"Windows 10","Standard ISP","Yes"
"395",167368,25,"TCP",11597731,2754,6437,11.67786536,"MacOS (All)",158,146.8,7.78551920105525,0,"MacOS (Unknown)","IPv6 (Unknown)","No"
"396",6428,25,"TCP",5901635,2053,7969,9.137432328,"Windows (Desktops)",61,250.4,4.66181185270277,0,"MacOS (Unknown)","Standard ISP","No"
"397",100471,443,"TCP",12483036,2193,8455,7.895894365,"Windows (Desktops)",103,314.2,2.92225904652548,7.81024967590665,"Windows 10","Standard ISP","Yes"
"398",93900,25,"TCP",3337033,3048,14046,10.70137558,"Windows (Desktops)",-1,NA,1.34411837164738,0,"MacOS (Unknown)","Standard ISP","No"
"399",91354,25,"TCP",25095122,1997,4111,7.420225792,"MacOS (All)",9,208.2,5.85886170429035,0,"MacOS (Unknown)","Standard ISP","Yes"
"400",35165,80,"TCP",5382460,3200,11218,8.981221739,"Windows (Desktops)",11,297.6,8.23699521670372,6.40312423743285,"Linux (>4.0)","Standard ISP","Yes"
"401",145908,NA,"TCP",16241451,1832,7750,4.556082787,"Windows (Desktops)",44,239.4,2.12031014570982,0,"Windows 10","Suspected Proxy/VPN","Yes"
"402",45416,25,"TCP",13765902,3237,15254,9.481114568,"MacOS (All)",-1,NA,2.89218284034741,0,"MacOS (Unknown)","Standard ISP","No"
"403",88841,993,"TCP",7005635,2028,9875,13.19555406,"Windows (Desktops)",55,116.8,2.79768643346605,0,"Windows 10","Standard ISP","No"
"404",156871,80,"TCP",12227000,3129,5759,6.783492863,"MacOS (All)",58,121,3.25374447214283,6.2449979983984,"Windows 10","Standard ISP","Yes"
"405",190287,443,"TCP",14029628,2561,9506,7.380198709,"MacOS (All)",87,204.2,4.37191145381514,7.48331477354788,"MacOS (Unknown)","Standard ISP","Yes"
"406",175753,443,"TCP",9139680,2502,13295,9.626562718,"Windows (Desktops)",96,45.2,1.39906128493358,4,"Windows 10","Suspected Proxy/VPN","Yes"
"407",191322,993,"TCP",4092823,2193,6528,10.81122753,"Windows (Desktops)",-1,NA,2.14309184660854,0,"MacOS (Unknown)","Standard ISP","No"
"408",58870,993,"TCP",37971432,2564,12531,7.8724041,"Windows (Desktops)",53,1.6,1.31596911551905,0,"Windows 10","Standard ISP","No"
"409",54296,443,"TCP",25049499,4622,19793,7.375006396,"MacOS (All)",109,27.4,2.06612629115454,7.81024967590665,"MacOS (Unknown)","Standard ISP","Yes"
"410",101449,993,"TCP",15181297,3202,16879,9.319165268,"MacOS (All)",25,143.4,3.0802786409674,0,"Windows 10","Standard ISP","No"
"411",129745,25,"TCP",10018778,3421,7671,9.778413755,"MacOS (All)",114,334.4,6.03521664565573,0,"MacOS (Unknown)","Standard ISP","No"
"412",196188,25,"TCP",5937543,2643,15559,10.99286134,"Windows (Desktops)",99,236,7.282593465243,0,"Linux (>4.0)","Standard ISP","No"
"413",58781,443,"TCP",10560499,3064,17368,11.54995982,"Windows (Desktops)",123,30.2,1.40310068313005,7.14142842854285,"MacOS (Unknown)","Standard ISP","No"
"414",126229,443,"TCP",4783367,2808,11324,9.677438557,"Windows (Desktops)",-1,NA,4.34011651226093,4.79583152331272,"Windows 10","Standard ISP","No"
"415",136435,993,"TCP",5552194,2743,10314,9.750380295,"MacOS (All)",77,386.6,3.35239235472222,0,"Windows 10","Standard ISP","No"
"416",144264,80,"TCP",29263819,2639,7559,10.63906366,"MacOS (All)",132,183.2,3.82778131428638,8.18535277187245,"MacOS (Unknown)","Standard ISP","Yes"
"417",195241,25,"TCP",13675073,3301,12483,9.494580931,"MacOS (All)",86,344.6,5.65225492967187,0,"MacOS (Unknown)","Standard ISP","No"
"418",70786,25,"TCP",9665128,2835,17797,12.16068848,"Windows (Desktops)",66,68.8,2.75223151678779,0,"MacOS (Unknown)","Standard ISP","No"
"419",137951,443,"TCP",2835481,3351,17440,11.29628292,"Windows (Desktops)",41,98.6,3.64442954521006,5,"Windows 10","Standard ISP","No"
"420",107368,25,"UDP",2334667,2331,7601,9.607882154,"MacOS (All)",7,86.4,5.5484435907739,0,"MacOS (Unknown)","Standard ISP","No"
"421",30618,25,"UDP",4991307,2262,9311,9.519359317,"MacOS (All)",22,19,2.53571847037482,0,"Windows 10","Standard ISP","No"
"422",89185,25,"TCP",4589294,2824,16160,11.2795976,"MacOS (All)",62,52.6,2.98968602097277,0,"MacOS (Unknown)","Standard ISP","No"
"423",199759,80,"TCP",3556287,3612,17762,10.23570316,"Windows (Desktops)",61,61,4.1323856838393,1,"MacOS (Unknown)","Standard ISP","Yes"
"424",100178,443,"UDP",32421199,4042,12182,14.66170226,"Windows (Desktops)",1,6.6,1.98727848526572,6.48074069840786,"Linux (2.6.3)","IPv6 (Unknown)","Yes"
"425",51022,25,"TCP",25757986,3615,14031,8.289530312,"MacOS (All)",-1,NA,7.76572384456208,0,"MacOS (Unknown)","Standard ISP","No"
"426",74923,443,"TCP",23146602,2542,11276,13.08234349,"Windows (Desktops)",15,179.2,6.04882808980384,3.16227766016838,"Linux (>4.0)","Standard ISP","No"
"427",42316,25,"TCP",16502231,2680,11025,9.028640111,"Windows (Desktops)",33,151.2,1.82449092022953,0,"Windows 10","Standard ISP","No"
"428",80489,25,"TCP",15793972,2089,11611,8.633110404,"Windows (Desktops)",38,40.8,2.36661312723478,0,"Linux (>4.0)","Standard ISP","Yes"
"429",162551,25,"TCP",2837787,3226,17490,9.965591147,"MacOS (All)",76,170.2,5.21891309278091,0,"MacOS (Unknown)","IPv6 (Unknown)","No"
"430",77707,80,"TCP",12522795,2189,11229,6.654303435,"MacOS (All)",64,271.6,6.39207671261852,7,"MacOS (Unknown)","Suspected Proxy/VPN","Yes"
"431",165503,443,"TCP",12805942,3031,13052,11.4611996,"MacOS (All)",24,487.6,5.63969315388701,5.56776436283002,"MacOS (Unknown)","Standard ISP","No"
"432",119999,443,"TCP",11354336,2114,10466,6.907832665,"MacOS (All)",39,68.6,3.05135256861609,8.30662386291807,"MacOS (Unknown)","Standard ISP","Yes"
"433",118190,25,"UDP",9581019,2189,12598,9.087791886,"MacOS (All)",130,119.6,5.55887153386369,0,"MacOS (Unknown)","Standard ISP","No"
"434",191419,993,"TCP",5508299,2101,12477,11.46851823,"Windows (Desktops)",52,277,5.69175005951597,0,"Windows 10","Standard ISP","No"
"435",103203,25,"TCP",22707593,2865,9928,7.823384967,"MacOS (All)",82,88.2,3.00654839625109,0,"MacOS (Unknown)","Standard ISP","No"
"436",44185,443,"TCP",16548720,3834,17899,12.68858507,"Windows (Desktops)",18,116.6,4.18434236648963,4.79583152331272,"Windows 10","Standard ISP","Yes"
"437",66898,25,"TCP",15998803,3410,9420,9.067847272,"MacOS (All)",97,179,4.89284289549542,0,"Windows 10","Standard ISP","No"
"438",82152,993,"TCP",626366,2561,14956,10.88591044,"MacOS (All)",35,223.4,3.63985395586142,0,"MacOS (Unknown)","Standard ISP","No"
"439",22743,80,"TCP",6629263,3329,10756,9.833804682,"MacOS (All)",181,233.8,2.98385909452843,2.23606797749979,"Linux (>4.0)","Standard ISP","Yes"
"440",165966,443,"TCP",28043953,1822,5814,6.040997956,"Windows (Desktops)",152,135.8,2.18683483555572,5.56776436283002,"MacOS (Unknown)","Suspected Proxy/VPN","Yes"
"441",179200,443,"TCP",12104885,3061,12095,9.065818215,"Windows (Desktops)",45,67.2,3.29410099571947,5.47722557505166,"Linux (2.6.3)","Standard ISP","Yes"
"442",76006,443,"TCP",11653768,4421,16189,14.13359557,"Windows (Desktops)",84,56.6,3.71928838354866,2.44948974278318,"Windows 10","Standard ISP","Yes"
"443",100906,80,"TCP",593507,4232,11179,10.73760546,"Windows (Desktops)",87,37.8,1.84807414407539,6.85565460040104,"Windows 10","Standard ISP","Yes"
"444",100462,443,"TCP",25589154,3554,15455,13.40602124,"Windows (Desktops)",6,128,5.14335436850311,2.23606797749979,"Linux (>4.0)","Standard ISP","Yes"
"445",127214,25,"TCP",20391151,4050,16069,8.794461101,"MacOS (All)",30,120.6,4.73462282763897,0,"MacOS (Unknown)","Standard ISP","No"
"446",134470,993,"TCP",20585405,3073,10839,9.390846579,"MacOS (All)",8,362,10.1802784883322,0,"MacOS (Unknown)","Standard ISP","No"
"447",185042,443,"TCP",7323248,3262,15039,8.942916053,"MacOS (All)",-1,NA,3.13743802217669,7.14142842854285,"MacOS (Unknown)","Standard ISP","Yes"
"448",107638,25,"TCP",13387314,2255,9198,8.386462617,"MacOS (All)",24,67.2,2.00631260924114,0,"Linux (>4.0)","Standard ISP","No"
"449",73324,80,"TCP",24702250,3327,14597,12.05514823,"Windows (Desktops)",54,95.6,4.21176449721491,5.29150262212918,"Windows 10","Standard ISP","Yes"
"450",134826,25,"TCP",2935577,1959,8257,11.22178501,"Windows (Desktops)",127,3.6,1.18646473904621,0,"Windows 10","Standard ISP","No"
"451",178446,993,"UDP",23325387,2051,9313,9.673158179,"Windows (Desktops)",12,39,3.97333205760606,0,"Windows 10","Suspected Proxy/VPN","No"
"452",118570,443,"TCP",20312948,2423,9891,5.648962946,"MacOS (All)",54,134,2.79146496628562,4,"Linux (2.6.3)","Standard ISP","Yes"
"453",73598,25,"TCP",11607971,2149,8802,10.66780905,"MacOS (All)",88,13.2,1.49844894607724,0,"Windows 10","Standard ISP","No"
"454",4512,25,"TCP",2259561,3140,9719,10.34197359,"MacOS (All)",211,391,4.38810336705962,0,"Linux (>4.0)","Standard ISP","No"
"455",53972,80,"TCP",4259686,3485,11164,9.009753028,"MacOS (All)",84,109.4,2.80108067591778,7.81024967590665,"Windows 10","Standard ISP","Yes"
"456",5954,443,"TCP",36054820,2298,11689,11.99516154,"MacOS (All)",104,210.8,4.68849603071177,6.2449979983984,"Windows 10","Standard ISP","Yes"
